GAME_DATE,MATCHUP,PTS,HOME,days_rest,pts_last3,pts_last5,pts_last10,min_last3,min_last5,fga_last3,fga_last5,fg3a_last5,fta_last5,reb_last5,ast_last5,pts_std_last5
2023-11-15,LAL vs. SAC,28,1,1.0,22.0,24.0,24.3,28.666666666666668,31.6,13.666666666666666,15.8,4.2,5.8,7.8,4.4,7.0710678118654755
2023-11-17,LAL @ POR,35,0,2.0,25.333333333333332,24.8,25.0,31.333333333333332,31.6,14.333333333333334,15.8,4.6,6.0,8.0,5.8,7.293833011524188
2023-11-19,LAL vs. HOU,37,1,2.0,26.333333333333332,25.8,26.4,31.0,31.2,16.0,15.6,5.6,6.4,8.2,7.0,8.438009243891594
2023-11-21,LAL vs. UTA,17,1,2.0,33.333333333333336,29.6,27.4,36.666666666666664,33.8,18.666666666666668,16.8,6.2,7.2,8.2,8.2,8.324662155306964
2023-11-22,LAL vs. DAL,26,1,1.0,29.666666666666668,26.6,27.2,33.0,31.4,17.0,15.4,6.4,5.4,7.4,8.8,9.813256340277675
2023-11-25,LAL @ CLE,22,0,3.0,26.666666666666668,28.6,26.3,33.333333333333336,34.0,16.0,17.0,7.0,6.4,7.4,9.0,7.956129712366435
2023-11-27,LAL @ PHI,18,0,2.0,21.666666666666668,27.4,26.1,32.0,34.2,17.333333333333332,18.6,7.4,6.2,6.6,7.8,8.502940667792526
2023-11-29,LAL @ DET,25,0,2.0,22.0,24.0,24.9,34.0,33.2,18.0,16.6,5.8,5.4,5.6,7.0,8.093207028119323
2023-11-30,LAL @ OKC,21,0,1.0,21.666666666666668,21.6,25.6,31.666666666666668,31.0,18.0,16.6,6.0,4.6,6.0,6.0,4.03732584763727
2023-12-02,LAL vs. HOU,16,1,2.0,21.333333333333332,22.4,24.5,31.333333333333332,33.2,14.333333333333334,17.0,6.6,5.0,7.0,5.4,3.2093613071762417
2023-12-05,LAL vs. PHX,31,1,3.0,20.666666666666668,20.4,24.5,33.0,33.0,16.0,16.6,5.6,4.6,6.0,5.4,3.507135583350035
2023-12-07,LAL vs. NOP,30,1,2.0,22.666666666666668,22.2,24.8,36.666666666666664,33.8,18.0,17.0,4.6,4.4,6.4,6.4,5.974947698515861
2023-12-12,LAL @ DAL,33,0,5.0,25.666666666666668,24.6,24.3,32.666666666666664,32.4,18.0,17.0,5.2,5.6,7.4,7.0,6.26897120746299
2023-12-15,LAL @ SAS,23,0,3.0,31.333333333333332,26.2,23.9,34.333333333333336,34.6,21.333333333333332,18.6,5.6,5.2,7.4,8.2,7.3280283842245035
2023-12-18,LAL vs. NYK,25,1,3.0,28.666666666666668,26.6,24.5,33.0,34.8,18.666666666666668,19.6,5.2,6.4,6.4,9.8,7.021395872616782
2023-12-20,LAL @ CHI,25,0,2.0,27.0,28.4,24.4,38.333333333333336,35.6,22.333333333333332,20.8,6.0,6.2,7.8,10.6,4.219004621945795
2023-12-23,LAL @ OKC,40,0,3.0,24.333333333333332,27.2,24.7,37.333333333333336,35.0,19.333333333333332,19.4,5.8,5.8,8.2,10.2,4.147288270665542
2023-12-25,LAL vs. BOS,16,1,2.0,30.0,29.2,26.9,37.666666666666664,37.8,20.333333333333332,21.0,6.0,6.0,8.6,10.0,7.155417527999326
2023-12-28,LAL vs. CHA,17,1,3.0,27.0,25.8,26.0,37.0,37.2,17.333333333333332,18.4,4.8,6.6,8.8,9.8,8.757853618324527
2023-12-30,LAL @ MIN,26,0,2.0,24.333333333333332,24.6,25.6,33.0,35.0,15.666666666666666,17.6,4.6,4.8,8.2,9.2,9.60728889958036
2023-12-31,LAL @ NOP,34,0,1.0,19.666666666666668,24.8,26.6,33.666666666666664,35.0,16.0,17.2,3.8,5.4,6.6,8.2,9.628083921528727
2024-01-03,LAL vs. MIA,12,1,3.0,25.666666666666668,26.6,26.9,33.666666666666664,35.0,19.333333333333332,18.4,4.6,6.2,5.6,8.0,10.478549517943788
2024-01-05,LAL vs. MEM,32,1,2.0,24.0,21.0,25.1,38.0,35.2,21.0,18.0,4.8,4.4,5.4,8.4,8.888194417315589
2024-01-07,LAL vs. LAC,25,1,2.0,26.0,24.2,25.0,38.0,35.6,22.0,20.0,6.2,5.2,4.6,8.2,9.497368056467012
2024-01-09,LAL vs. TOR,22,1,2.0,23.0,25.8,25.2,38.333333333333336,38.2,20.333333333333332,21.2,5.8,5.6,5.4,7.4,8.613942186943211
2024-01-11,LAL vs. PHX,10,1,2.0,26.333333333333332,25.0,24.9,37.333333333333336,37.4,20.0,20.4,6.0,5.4,5.8,8.6,8.77496438739212
2024-01-15,LAL vs. OKC,25,1,4.0,19.0,20.2,23.4,32.333333333333336,34.8,15.666666666666666,17.8,5.4,5.2,5.8,8.8,9.176055797563569
2024-01-17,LAL vs. DAL,25,1,2.0,19.0,22.8,21.9,32.666666666666664,35.0,16.0,18.2,4.6,5.4,6.0,8.2,8.04363102087608
2024-01-19,LAL vs. BKN,24,1,2.0,20.0,21.4,22.8,32.0,33.8,16.666666666666668,17.2,4.2,3.8,6.6,8.4,6.5038450166036395
2024-01-21,LAL vs. POR,28,1,2.0,24.666666666666668,21.2,23.5,35.333333333333336,33.0,20.333333333333332,17.8,4.6,4.2,7.2,8.0,6.379655163094632
2024-01-25,LAL vs. CHI,25,1,4.0,25.666666666666668,22.4,23.7,32.666666666666664,32.2,19.0,17.6,5.2,5.0,7.2,6.6,7.092249290598857
2024-01-27,LAL @ GSW,36,0,2.0,25.666666666666668,25.4,22.8,33.666666666666664,34.6,19.0,19.2,5.2,4.0,7.0,7.2,1.5165750888103078
2024-01-29,LAL @ HOU,23,0,2.0,29.666666666666668,27.6,25.2,38.333333333333336,36.4,20.0,20.2,5.6,5.0,9.6,8.4,4.9295030175464944
2024-01-30,LAL @ ATL,20,0,1.0,28.0,27.2,24.3,40.333333333333336,37.2,19.666666666666668,19.4,5.2,6.2,9.2,8.8,5.2630789467763055
2024-02-03,LAL @ NYK,24,0,4.0,26.333333333333332,26.4,23.8,40.333333333333336,37.6,19.0,18.4,5.4,7.0,8.8,9.4,6.107372593840987
2024-02-05,LAL @ CHA,26,0,2.0,22.333333333333332,25.6,24.0,37.666666666666664,39.4,17.0,19.0,4.8,5.4,8.8,9.4,6.107372593840987
2024-02-08,LAL vs. DEN,25,1,3.0,23.333333333333332,25.8,25.6,38.666666666666664,40.2,19.333333333333332,19.6,5.0,5.6,8.8,8.4,6.099180272790761
2024-02-09,LAL vs. NOP,21,1,1.0,25.0,23.6,25.6,38.333333333333336,37.6,20.333333333333332,18.6,5.4,5.4,6.6,7.4,2.3021728866442657
2024-02-13,LAL vs. DET,25,1,4.0,24.0,23.2,25.2,37.666666666666664,37.8,18.333333333333332,18.2,4.8,5.4,6.2,8.2,2.588435821108955
2024-02-23,LAL vs. SAS,30,1,10.0,23.666666666666668,24.2,25.3,34.666666666666664,36.8,16.0,17.8,4.8,4.4,4.6,8.2,1.9235384061671321
2024-02-25,LAL @ PHX,28,0,2.0,25.333333333333332,25.4,25.5,34.333333333333336,35.6,16.666666666666668,18.4,4.4,4.4,5.0,9.0,3.2093613071762417
2024-02-28,LAL @ LAC,34,0,3.0,27.666666666666668,25.8,25.8,34.0,35.0,18.666666666666668,17.8,4.6,4.6,5.6,10.0,3.4205262752974126
2024-02-29,LAL vs. WAS,31,1,1.0,30.666666666666668,27.6,25.6,36.0,35.4,20.666666666666668,18.0,5.8,3.8,5.0,10.2,4.9295030175464944
2024-03-02,LAL vs. DEN,26,1,2.0,31.0,29.6,26.4,37.666666666666664,35.6,21.333333333333332,20.2,6.4,3.6,5.0,9.2,3.3615472627943204
2024-03-04,LAL vs. OKC,19,1,2.0,30.333333333333332,29.8,27.0,37.666666666666664,36.8,21.666666666666668,21.2,6.2,3.2,5.6,9.4,3.033150177620618
2024-03-06,LAL vs. SAC,31,1,2.0,25.333333333333332,27.6,26.5,35.666666666666664,36.2,19.333333333333332,19.6,6.2,3.8,6.4,9.2,5.683308895353128
2024-03-10,LAL vs. MIN,29,1,4.0,25.333333333333332,28.2,27.0,34.666666666666664,36.0,16.666666666666668,19.0,5.8,5.0,6.0,9.4,5.890670590009256
2024-03-13,LAL @ SAC,18,0,3.0,26.333333333333332,27.2,27.4,35.0,36.2,15.333333333333334,18.0,4.2,6.6,6.4,9.6,5.0199601592044525
2024-03-16,LAL vs. GSW,40,1,3.0,26.0,24.6,27.1,38.0,36.4,16.0,16.4,4.8,6.4,8.2,9.6,5.856620185738529
2024-03-18,LAL vs. ATL,25,1,2.0,29.0,27.4,28.6,38.666666666666664,36.6,18.333333333333332,17.0,4.8,7.6,9.0,9.6,9.126883367283709
2024-03-22,LAL vs. PHI,20,1,4.0,27.666666666666668,28.6,28.1,35.666666666666664,36.2,17.666666666666668,17.0,5.2,7.2,8.2,10.0,8.08084154033477
2024-03-24,LAL vs. IND,26,1,2.0,28.333333333333332,26.4,27.3,35.0,36.6,17.333333333333332,16.8,5.0,6.6,8.8,8.6,8.734987120768983
2024-03-27,LAL @ MEM,23,0,3.0,23.666666666666668,25.8,26.5,35.0,36.6,16.0,17.4,5.0,6.4,8.2,8.8,8.613942186943213
2024-03-29,LAL @ IND,16,0,2.0,23.0,26.8,25.7,37.0,35.6,16.0,17.0,3.6,7.4,8.4,9.4,7.726577508832745
2024-03-31,LAL @ BKN,40,0,2.0,21.666666666666668,22.0,24.7,36.0,35.0,15.0,14.8,3.2,6.6,8.8,9.2,4.062019202317983
2024-04-02,LAL @ TOR,23,0,2.0,26.333333333333332,25.0,26.8,35.666666666666664,36.6,14.333333333333334,15.4,4.2,7.2,8.8,8.2,9.165151389911681
2024-04-03,LAL @ WAS,25,0,1.0,26.333333333333332,25.6,26.0,33.666666666666664,34.8,13.666666666666666,14.8,3.8,6.8,8.0,8.8,8.848728722251577
2024-04-06,LAL vs. CLE,24,1,3.0,29.333333333333332,25.4,25.6,34.0,34.4,15.666666666666666,14.6,3.2,7.0,8.4,8.6,8.848728722251577
2024-04-09,LAL vs. GSW,33,1,3.0,24.0,25.6,26.2,33.666666666666664,34.6,16.0,15.4,4.0,5.8,6.6,8.6,8.792041856133308
2024-04-12,LAL @ MEM,37,0,3.0,27.333333333333332,29.0,25.5,36.0,34.8,19.333333333333332,17.4,4.0,6.0,6.0,9.2,7.314369419163898
2024-04-14,LAL @ NOP,28,0,2.0,31.333333333333332,28.4,26.7,37.666666666666664,35.6,20.0,18.0,3.4,7.0,6.4,9.2,6.228964600958977
